<?xml version="1.0" encoding="UTF-8"?>
<beans xmlns="http://www.springframework.org/schema/beans"
	xmlns:xsi="http://www.w3.org/2001/XMLSchema-instance"
	xmlns:context="http://www.springframework.org/schema/context"
	xmlns:jdbc="http://www.springframework.org/schema/jdbc"
	xmlns:mybatis-spring="http://mybatis.org/schema/mybatis-spring"
	xsi:schemaLocation="http://www.springframework.org/schema/beans http://www.springframework.org/schema/beans/spring-beans.xsd
		http://www.springframework.org/schema/context http://www.springframework.org/schema/context/spring-context-4.3.xsd
		http://www.springframework.org/schema/jdbc http://www.springframework.org/schema/jdbc/spring-jdbc-4.3.xsd
		http://mybatis.org/schema/mybatis-spring http://mybatis.org/schema/mybatis-spring-1.2.xsd">
	<!-- Step3 mybatis : mapper -->
	<bean class="org.mybatis.spring.mapper.MapperScannerConfigurer">
		<property name="basePackage"        value="project2.dao"/>
		<property name="annotationClass"    value="project2.dao.MyDao" />
	</bean>
	<context:component-scan base-package="project2" />
	
	<!-- Step2 mybatis : sql 
		1.  SqlSessionFactoryBean : SqlSession 객체들을 생성, 관리
		2.  SqlSession : sql 구문을 처리 
	-->
	<bean  id="sqlSessionFactory"  
		   class="org.mybatis.spring.SqlSessionFactoryBean">
		<property name="dataSource"      ref="dataSource"  />
		<property name="configLocation"  value="classpath:config/mybatis-config.xml"  />
		<property name="mapperLocations" >
			<list>
				<value>classpath:config/materialmapper.xml</value>
				<value>classpath:config/appusermapper.xml</value>
			</list>
		</property>
	</bean>
	
	<bean  id="sqlSession"  class="org.mybatis.spring.SqlSessionTemplate">
		<constructor-arg  ref="sqlSessionFactory"/>
	</bean>
	
	<!-- Step1 ds  : db연동   - SimpleDriverDataSource   -->
	<!-- 	<context:property-placeholder  location="classpath:config/db.properties" />
	<bean  id="dataSource"   
		   class="org.springframework.jdbc.datasource.SimpleDriverDataSource">
		<property name="driverClass"   value="${db.driverClass}" />
		<property name="url"   		   value="${db.url}" />
		<property name="username"      value="${db.username}" />
		<property name="password"      value="${db.password}" />
	</bean> -->
	
	<context:property-placeholder  location="classpath:config/db.properties" />
	<bean  id="dataSource"   
		   class="com.zaxxer.hikari.HikariDataSource">
		<property name="driverClassName"   value="${db.driverClass}" />
		<property name="jdbcUrl"   		   value="${db.url}" />
		<property name="username"      value="${db.username}" />
		<property name="password"      value="${db.password}" />
	</bean>
	
</beans>
