<?xml version="1.0" encoding="UTF-8"?>
<beans xmlns="http://www.springframework.org/schema/beans"
	xmlns:xsi="http://www.w3.org/2001/XMLSchema-instance"
	xmlns:context="http://www.springframework.org/schema/context"
	xmlns:jdbc="http://www.springframework.org/schema/jdbc"
	xmlns:mybatis-spring="http://mybatis.org/schema/mybatis-spring"
	xsi:schemaLocation="http://www.springframework.org/schema/beans http://www.springframework.org/schema/beans/spring-beans.xsd
		http://www.springframework.org/schema/context http://www.springframework.org/schema/context/spring-context-4.3.xsd
		http://www.springframework.org/schema/jdbc http://www.springframework.org/schema/jdbc/spring-jdbc-4.3.xsd
		http://mybatis.org/schema/mybatis-spring http://mybatis.org/schema/mybatis-spring-1.2.xsd">


	<bean id="sqlSessionFactory"
			class="org.mybatis.spring.SqlSessionFactoryBean">
		<property name ="dataSource" 	 ref="dataSource"/>
		<property name ="configLocation" value="classpath:config/mybatis-config.xml"/>
		<property name ="mapperLocations">	
			<list>
				<value>classpath:config/test-mapper.xml</value>
				<value>classpath:config/sboard1-mapper.xml</value>
			</list>
		</property>
</bean>
<bean id="sqlSession" class="org.mybatis.spring.SqlSessionTemplate">
	<constructor-arg ref="sqlSessionFactory"/>	
</bean>

<context:property-placeholder location="classpath:config/db.properties"/>
<bean id="dataSource"
		class="org.springframework.jdbc.datasource.SimpleDriverDataSource">
		<property name ="driverClass" value="${db.diverClass}" />
		<property name ="url" value="${db.url}" />
		<property name ="username" value="${db.username}" />
		<property name ="password" value="${db.password}" />
	</bean>

</beans>
